PID,Process Name,State,CPU Time,RSS Size,SHA-256 Hash,Fuzzy Hash
1,systemd,Sleeping,179,13944,58d70c49e2f801eb405b98a35a6268a96065665f2e11fd673c7262e44d601124,1536:66DGmn5FDEt6dBs9tJO9Tke27l9vaC7BXq8T0+58f:6kLBgC4XRJJVFA+58f
2,kthreadd,Sleeping,1,0,N/A,N/A
3,pool_workqueue_release,Sleeping,0,0,N/A,N/A
4,kworker/R-rcu_g,Unknown,0,0,N/A,N/A
5,kworker/R-rcu_p,Unknown,0,0,N/A,N/A
6,kworker/R-slub_,Unknown,0,0,N/A,N/A
7,kworker/R-netns,Unknown,0,0,N/A,N/A
8,kworker/0:0-events,Unknown,8,0,N/A,N/A
9,kworker/0:1-events,Unknown,0,0,N/A,N/A
10,kworker/0:0H-events_highpri,Unknown,0,0,N/A,N/A
11,kworker/u8:0-events_power_efficient,Unknown,5,0,N/A,N/A
12,kworker/R-mm_pe,Unknown,0,0,N/A,N/A
13,rcu_tasks_kthread,Unknown,0,0,N/A,N/A
14,rcu_tasks_rude_kthread,Unknown,0,0,N/A,N/A
15,rcu_tasks_trace_kthread,Unknown,0,0,N/A,N/A
16,ksoftirqd/0,Sleeping,6,0,N/A,N/A
17,rcu_preempt,Unknown,45,0,N/A,N/A
18,migration/0,Sleeping,1,0,N/A,N/A
19,idle_inject/0,Sleeping,0,0,N/A,N/A
20,cpuhp/0,Sleeping,0,0,N/A,N/A
21,cpuhp/1,Sleeping,0,0,N/A,N/A
22,idle_inject/1,Sleeping,0,0,N/A,N/A
23,migration/1,Sleeping,60,0,N/A,N/A
24,ksoftirqd/1,Sleeping,22,0,N/A,N/A
25,kworker/1:0-events,Unknown,0,0,N/A,N/A
26,kworker/1:0H-events_highpri,Unknown,0,0,N/A,N/A
27,cpuhp/2,Sleeping,0,0,N/A,N/A
28,idle_inject/2,Sleeping,0,0,N/A,N/A
29,migration/2,Sleeping,61,0,N/A,N/A
30,ksoftirqd/2,Sleeping,7,0,N/A,N/A
31,kworker/2:0-mm_percpu_wq,Unknown,3,0,N/A,N/A
32,kworker/2:0H-events_highpri,Unknown,0,0,N/A,N/A
33,cpuhp/3,Sleeping,0,0,N/A,N/A
34,idle_inject/3,Sleeping,0,0,N/A,N/A
35,migration/3,Sleeping,62,0,N/A,N/A
36,ksoftirqd/3,Sleeping,9,0,N/A,N/A
37,kworker/3:0-cgroup_destroy,Unknown,2,0,N/A,N/A
38,kworker/3:0H-events_highpri,Unknown,0,0,N/A,N/A
39,kdevtmpfs,Sleeping,2,0,N/A,N/A
40,kworker/R-inet_,Unknown,0,0,N/A,N/A
41,kworker/u8:1-events_power_efficient,Unknown,42,0,N/A,N/A
42,kauditd,Sleeping,1,0,N/A,N/A
43,khungtaskd,Sleeping,0,0,N/A,N/A
44,oom_reaper,Sleeping,0,0,N/A,N/A
45,kworker/u8:2-events_power_efficient,Unknown,81,0,N/A,N/A
46,kworker/R-write,Unknown,0,0,N/A,N/A
47,kcompactd0,Sleeping,2,0,N/A,N/A
48,ksmd,Sleeping,0,0,N/A,N/A
49,kworker/1:1-events,Unknown,10,0,N/A,N/A
50,khugepaged,Sleeping,0,0,N/A,N/A
51,kworker/R-kinte,Unknown,0,0,N/A,N/A
52,kworker/R-kbloc,Unknown,0,0,N/A,N/A
53,kworker/R-blkcg,Unknown,0,0,N/A,N/A
54,irq/9-acpi,Sleeping,0,0,N/A,N/A
55,kworker/2:1-events,Unknown,3,0,N/A,N/A
56,kworker/R-tpm_d,Unknown,0,0,N/A,N/A
57,kworker/R-ata_s,Unknown,0,0,N/A,N/A
58,kworker/R-md,Unknown,0,0,N/A,N/A
59,kworker/R-md_bi,Unknown,0,0,N/A,N/A
60,kworker/R-edac-,Unknown,0,0,N/A,N/A
61,kworker/R-devfr,Unknown,0,0,N/A,N/A
62,watchdogd,Sleeping,0,0,N/A,N/A
63,kworker/0:1H-kblockd,Unknown,5,0,N/A,N/A
64,kswapd0,Sleeping,0,0,N/A,N/A
65,ecryptfs-kthread,Sleeping,0,0,N/A,N/A
66,kworker/3:1-events,Unknown,2,0,N/A,N/A
67,kworker/R-kthro,Unknown,0,0,N/A,N/A
68,kworker/R-acpi_,Unknown,0,0,N/A,N/A
69,scsi_eh_0,Sleeping,1,0,N/A,N/A
70,kworker/R-scsi_,Unknown,0,0,N/A,N/A
71,scsi_eh_1,Sleeping,2,0,N/A,N/A
72,kworker/R-scsi_,Unknown,0,0,N/A,N/A
73,kworker/u8:3-events_unbound,Unknown,53,0,N/A,N/A
74,kworker/u8:4-events_power_efficient,Unknown,0,0,N/A,N/A
75,kworker/u8:5,Unknown,0,0,N/A,N/A
76,kworker/R-mld,Unknown,0,0,N/A,N/A
77,kworker/3:1H-kblockd,Unknown,8,0,N/A,N/A
78,kworker/R-ipv6_,Unknown,0,0,N/A,N/A
80,kworker/2:2-cgroup_destroy,Unknown,0,0,N/A,N/A
86,kworker/R-kstrp,Unknown,0,0,N/A,N/A
88,kworker/u9:0-ttm,Unknown,0,0,N/A,N/A
101,kworker/R-charg,Unknown,0,0,N/A,N/A
125,kworker/1:1H-kblockd,Unknown,15,0,N/A,N/A
128,kworker/2:1H-kblockd,Unknown,7,0,N/A,N/A
155,kworker/1:2-events,Unknown,11,0,N/A,N/A
156,kworker/3:2-events,Unknown,5,0,N/A,N/A
157,scsi_eh_2,Sleeping,0,0,N/A,N/A
158,kworker/R-scsi_,Unknown,0,0,N/A,N/A
213,jbd2/sda2-8,Sleeping,6,0,N/A,N/A
214,kworker/R-ext4-,Unknown,0,0,N/A,N/A
276,systemd-journal,Sleeping,70,17944,f271c2d87cd0cde6442c964da9d386cb2b33fa79488d9e477144068729964fb6,3072:ouOnwF9nK3cVXBNZ3/EYZ0478icySmEZ8WMHfJzoLo8eJpuqPz/I:ouOwF9K3WBNZ3/fV7qyuZ1GYo8eXuqP
296,kworker/3:3-events,Unknown,7,0,N/A,N/A
316,kworker/3:4-events,Unknown,0,0,N/A,N/A
321,irq/18-vmwgfx,Sleeping,0,0,N/A,N/A
322,kworker/R-ttm,Unknown,0,0,N/A,N/A
339,systemd-udevd,Sleeping,20,8388,fc0fd0006d0fce480febdab73f4ce08325fb0ef57311c2d37142a3ea36a5390e,24576:4z/pAPiHVpvYP5WKkoUIIW5lMCXnHQ8Kpe3T6iWGcb4cfTjO:iAa1+EK7IWnMM+
368,kworker/0:2-events,Unknown,1,0,N/A,N/A
376,kworker/1:3-cgroup_destroy,Unknown,0,0,N/A,N/A
386,psimon,Sleeping,0,0,N/A,N/A
389,systemd-oomd,Sleeping,11,7424,a131d52cd05c40de8d5311770bf2e2888a2dc3c7b1c02a492515817f39ae62c9,768:uLKR3VxXtd8j6hAhBvmZNEgzmqB4//8suR+G4Nf+zzm9xmeOrGD9Nn:uGRzE6SaNDXB4ruEGekzmXmY
422,systemd-resolve,Sleeping,16,12544,bc23030c1dc41a6f15bb4d9a4de39bc99c0fc37e0bfa66d8c54290bd657bdaeb,12288:b6n40unwHhELy6jqP4nbDNhvXhoG95z3qlx8ilTAtgC+kb49CsiE:4bunwHhEuuqAbDNhvXhoE3+x8QxC+A47
651,kworker/R-iprt-,Unknown,0,0,N/A,N/A
652,kworker/R-crypt,Unknown,0,0,N/A,N/A
820,avahi-daemon,Sleeping,9,4224,1b73db97a1e883a84e30535920857092b640d70d496126c87e4426b2ab96aad9,1536:rc66/Dt5gMXuPCQayBGYtRfrUBz2H3jYfjunyxMshWqo898jZBlPnfZz+6:rWHgMYXrUBAjZnf8GfZ
822,dbus-daemon,Sleeping,78,7040,dbe71c62cb299a7d7d9896c278fb63e9b89a9754dabacbf42820cfef461210df,6144:qyqWiSu9lTM51PECeaoH//3cCIPN2HcdXHF:qyqWipqEPPcCIP1
829,gnome-remote-de,Sleeping,18,15944,32aeab5c57a7125de68c64b124f081cdd2b377a5cf8b85f1bf208b2053b0473c,6144:yLEKj2Rw6/kp/ZbHqNtAAiXAaO1Viw7BzqeqpRpKh269+FQDKlBh:yLEKjOilHox177B7qLp7x
850,polkitd,Sleeping,76,10740,e4df4960fbca47949a5caec915c55e8372bad9a66c1a33aa2bd66a955c8660fc,1536:y0kxff4S6GrtFLMYjyeJMQu1WDNFKd0bhnFxsJUbw3YPTL9PfYH+:yB34SpvLMilu1AKib1FeUk3YPThI
859,power-profiles-,Sleeping,8,7040,03f4ae271ab014336928fd4912347102cc496c1a69131b0542899def6d5d0fff,1536:0ot180zWb5CWb3nktm7wnCV2zNkha2QW9nD7mw2gqG:0f0zgMWorNx+OgHmwQ
865,snapd,Sleeping,62,31812,416ebd7a08a9efc959ef8a3212e73b73ae10f813af7c8d5646c51647b37eec40,98304:pA9vgXpn5Ozd2lXbzk+M+4HFlMcUVrHzxlovWPsQJ2qBEapNRpgFtUPZEKyO1HPN:o52lX0e4H4HPHdBEWpgFKv9PVb7IO
873,systemd-logind,Sleeping,23,8576,1c9b4c4aa67592bbdb86a74d76747553f962734ee3dfbd400a4efa1307c1fb39,3072:+BF/batYEStxTlwVCTwn8F9rVm+wweMuRys7bRmZRMDHr/aRaNI195jBINXiShiv:o/baDqTlunNMqf3R2RyLiRdzdIU4L
874,accounts-daemon,Sleeping,13,7588,d0688cb497e1b47ace9e57a739c7c3864dcef01bf47b1f207b1838f62841d4b7,1536:XT+ABLV/c18+6K+tYsnqS2XcQGnFvMn4JRs8Mrsfk1xWdF7fqPT5GvKsq8FYvsMV:XJLV/fKm72/hwRs8LMKflV6m
878,cron,Sleeping,1,2816,6bd8593640af2413bce259fa0affc18dbf149892756ebe805bf316624f8b590f,768:dOml/d8cqKI0QdycKIQoys1u2T0GLJ8KQM68zXux+DP40iIhOGRR7FZN0y:db0H0QdByRGLJ8twz1PB9hOGRZFZ6y
881,switcheroo-cont,Sleeping,4,6528,e4a14fdfb695da34aab166f13693ed9d565dfc3dc3139c13df0434dfb777737b,192:RDxzBn8H0Rxf7oMwHzQis4xuRBHYna2Tqrm2Jv1lyHot6+rtylW+VvhvSvi:FxFff7oMwFyHAOS2JvzyHS6+r8WI
889,udisksd,Sleeping,21,14052,9033b544a63626f82523117ba7d80126333f156a14c9379b1ef0685d14621be1,12288:6Zzg+zhlVvoW/2BXmVemRx8Y5PA8FPio:6zvoW2mVPRx8Yr
922,rsyslogd,Sleeping,18,6016,f18c5c55dceff1dead60fc0d81fbd833f86667eea35b69337556497899a8f9bc,24576:6uJk5jtA95MS30C1wCmUfaBK+tDr8U/bfiX0:Nk5hsRJ1w+aBFf/zM
932,avahi-daemon,Sleeping,0,1420,1b73db97a1e883a84e30535920857092b640d70d496126c87e4426b2ab96aad9,1536:rc66/Dt5gMXuPCQayBGYtRfrUBz2H3jYfjunyxMshWqo898jZBlPnfZz+6:rWHgMYXrUBAjZnf8GfZ
940,NetworkManager,Sleeping,37,18812,35a37ad64294ab6877fe39d4e86c0d734e351b724fb42c0a3a51c9533387c191,98304:zz4gfFj/L+/P4PJXPK/Wju+KooiVaJV36xkQ1:zz4go/AxFjIk
942,wpa_supplicant,Sleeping,5,6272,771a7b5a2e6fd2ad265bb3046acfe156efa848f69aa8c7d1e4c49de3c91cfa14,49152:7rlADcu/sA47IaHqZCc5lufi91S1no+sm529m4D2TxTmGv1zYE9heuk:7rKDJsxIxZCaufoS1YKxd1zJe
961,kworker/2:3-cgroup_destroy,Unknown,1,0,N/A,N/A
962,kworker/2:4,Unknown,0,0,N/A,N/A
991,ModemManager,Sleeping,16,12384,fd6ed35189e324f45d83739499e8d8ecdd986039e97f8a9f7d9cb138a7c747df,24576:uXIq+MiWXiojQaKzUt4rJTEuVEwSJaFU75kb9c26FRBxmjrqKIWsAz:kIq4ojUzUt4lewS6UlpxmjrqKIDA
1237,VBoxDRMClient,Sleeping,12,2432,35003b91fdad61ef732845c893ef3b6cb223f2d648e834156e21568224cec5b9,6144:BZyekA9gXKJWpsGgJDUvTeJCKj3ckNU9I6JHC5zpYJtGfifNW:BZmA9gXK0YC7sR1kCJp4tKS
1240,VBoxService,Sleeping,3,3328,31f72c717f76faab7972e2b82ff5c55f786748e1be4005ac8a112cc5d04d8eed,12288:Pra9WyBLEJ6v8BUEj9drLjZ+znUpkCJp4tK:Pr1ype60BUK9dvjZknUyxk
1267,kworker/u9:1-ttm,Unknown,0,0,N/A,N/A
1331,cupsd,Sleeping,8,11776,5d8dd36e3b6fdc121119c06a705c55676db8a8c0c9c07a9ab04523472b9dfb3d,6144:yOtnm+vic5+clWVbxyUezBn9x+agNX+qaXvERLxeYI2RK0JdRnP:yOtnm+vB+5VzeFn9eMYDRbZ
1334,unattended-upgr,Sleeping,15,22656,eb3bbb420e7630b2e59eb7b5c376fc7d034821c7569b08da4b7d52eb15356259,98304:d4DR0ctBOY4gIcF6qOizZwAugDNXxC1GGKLrOIJDI5ebiiPwm/SNBaGTMNEVuZ2u:de+iYLbEWlhB+
1347,dbus,Sleeping,0,6656,9c2e880390e6e3706c11739940d953c7cc23924a6824c886fe2a9070f430a15c,192:RF6iidRG8x7TqWpHzR9Djzi1MMbNj/w1K3BnviYi:36iiL7TqWr9vz0MMZEa3i
1348,dbus,Sleeping,0,6656,9c2e880390e6e3706c11739940d953c7cc23924a6824c886fe2a9070f430a15c,192:RF6iidRG8x7TqWpHzR9Djzi1MMbNj/w1K3BnviYi:36iiL7TqWr9vz0MMZEa3i
1349,dbus,Sleeping,0,6656,9c2e880390e6e3706c11739940d953c7cc23924a6824c886fe2a9070f430a15c,192:RF6iidRG8x7TqWpHzR9Djzi1MMbNj/w1K3BnviYi:36iiL7TqWr9vz0MMZEa3i
1350,gdm3,Sleeping,10,9088,8884cb0ced03d3aa16458944e16227ca57ff1f0160298010895cb35507bc6842,6144:a957mwHwtjz3DSoNefkzTGT0F/VOH1k3AiPx0/xOQ/g6oh6VpPM7d:a957cNzB4jT0pE2/J0/xxoh6Vpk
1357,cups-browsed,Sleeping,10,19712,d56a5bfae6be944792ab48da7062e282a7b8dfecad546e234db5401550a2bb6b,6144:P3dzvZLeo/2H21G+EXGe4PlEAZkoOwWMRGo:P3dzvZMbxbwEA3RG
1363,kerneloops,Sleeping,0,2212,9a661a2d9430d7ab860eef4ae87c52f2b8e0fd19a8b2276ea0a1d49f7417177a,384:Zy0Yfk2gMOian3kukbbCS4+jVzXeENTcRH89+xWqb:MMk4kfA+hbeEqc9+xWq
1367,kerneloops,Sleeping,0,2440,9a661a2d9430d7ab860eef4ae87c52f2b8e0fd19a8b2276ea0a1d49f7417177a,384:Zy0Yfk2gMOian3kukbbCS4+jVzXeENTcRH89+xWqb:MMk4kfA+hbeEqc9+xWq
1378,psimon,Sleeping,0,0,N/A,N/A
1418,rtkit-daemon,Sleeping,4,3456,6c12e21730fd83232f48b212a86d343bedf505afc39b5013040734b51ce2c51d,1536:53JJAWy+H5K9Efbk7FxvpgkF+rGPcV+A+8g6eCaOEPy:53G3EQ7FxvpgkF+rGPWFxg6eCaO
1515,colord,Sleeping,15,14000,681043117297f8172bd65b384e30d3533c4fa4260a18acf34c54a74e335917c0,6144:457QU0XcloKG6HNgnuoRO6hUCsyV6E++WYLZMsUqvDnx:45710sKKLgn8Cs
1552,packagekitd,Sleeping,8,20520,804a3250d279260d8b13ae8d2f46d580364b1578fb4a3f0676f5370138392771,6144:cPmaFf89u2phGIanPa19ljvLEEoEFXV++:cPm9Gv8pATr+
1557,upowerd,Sleeping,12,8960,05d6f18b931d22b3bf91c410b66134bed0186532857eb30c92eb13dc6f5dc20e,3072:OcRcqaqX1mtPhARKVPHoYg9M+MFEqAniZKt1Gy:OcVaqlMZAc7dAnic8y
1891,gdm-session-wor,Sleeping,6,9984,a6a2a62aeffb6a712ce225883a40e6b3bb8ac65830ede7a8eba536e20aa6f482,3072:U5sQFb4ArBo7wtGBfoDUAa1E68pg/kCX60/gq20KaaeJ:Une7wtGJ10pDCXx/gqg
1904,systemd,Sleeping,83,12800,58d70c49e2f801eb405b98a35a6268a96065665f2e11fd673c7262e44d601124,1536:66DGmn5FDEt6dBs9tJO9Tke27l9vaC7BXq8T0+58f:6kLBgC4XRJJVFA+58f
1909,(sd-pam),Sleeping,0,3724,b14c32373b6f1c73e235e1ecc0b05e0c76dd548e05d11c3ce0af0fbf48c71694,3072:+lKcfIbW3+seTHe6iVWHanY6qF7HI6C2XITK:+lZ3+DTaeo6
1921,pipewire,Sleeping,20,13056,4b50ea025c6360c73f41ffd689a7278347b48b270c0e36263015be94a69488ae,96:RJ0YOrCTfLdB+B204GdFrwUoYjGkt4tXStJ6bv10mG0LKKfJfgEDWXOehiXYO8Ri:R8CrBwJ4RUoMwTGDOIEbbvi
1924,pipewire,Sleeping,4,5632,4b50ea025c6360c73f41ffd689a7278347b48b270c0e36263015be94a69488ae,96:RJ0YOrCTfLdB+B204GdFrwUoYjGkt4tXStJ6bv10mG0LKKfJfgEDWXOehiXYO8Ri:R8CrBwJ4RUoMwTGDOIEbbvi
1929,wireplumber,Sleeping,20,18176,f4923b1f95714d0973d62865209df1ff9a50847ac64a9ec9121a9d93d778033d,384:f4fhabDxba6Khs6IOJlXkAGL+DYYVwMkt1TQLW:f4UbDxba6NnOJlX3GLpYiMQxQC
1931,pipewire-pulse,Sleeping,9,12520,4b50ea025c6360c73f41ffd689a7278347b48b270c0e36263015be94a69488ae,96:RJ0YOrCTfLdB+B204GdFrwUoYjGkt4tXStJ6bv10mG0LKKfJfgEDWXOehiXYO8Ri:R8CrBwJ4RUoMwTGDOIEbbvi
1934,dbus-daemon,Sleeping,65,6528,dbe71c62cb299a7d7d9896c278fb63e9b89a9754dabacbf42820cfef461210df,6144:qyqWiSu9lTM51PECeaoH//3cCIPN2HcdXHF:qyqWipqEPPcCIP1
1940,gnome-keyring-d,Sleeping,15,9984,019e427b6143f96281e4bef62afbf0862dbfc09a670d89edada4ffea9d2b63c1,12288:Y4PUBAmn4sRJO1wh92IVp2jcu5r/GU1GAj9yPG447lxW:j2n/DwI/2T/GUvj9yCzW
1970,xdg-document-po,Sleeping,11,7296,039473cbff7e98c5d3e1c69a6373f152da003b3dcbf610650e11611a978bec6d,3072:oXyUA0lX88Dl+h6Vm4lGwMD6yfgskyV/AmEDENSC:oiUL/DDVm4ttm8+
1979,xdg-permission-,Sleeping,3,5888,0ef8dfeb93024f605ad4ee7d70b151ece01ac6e09affab9fb86b44fdb5004ad4,768:FR9dcTj+eopxPJCd8w/K4VaAVONsXH25UypDjBdv4V5e2LkldXbL/qYBGafntkGG:FR7e+3etResXKvBdA5jLkTGa1kGIo
1986,fusermount3,Sleeping,0,1920,d278775c1528dd32efc85c2cb322423ee93aa8dcf76aaa595f7022d427910704,384:RuLzuskdM4a5LVx5OShu21Dg3yuwrhk7nBtmkkGsoTTTVfVvVv:RuLztvPZHHhnRlk9tmkkGNTTTVfVR
1998,gdm-wayland-ses,Sleeping,0,5888,94f8f4c76ee5346a77ee8cafddc193b5218794f3752ff176305348c48ad725a4,768:r4J1NFxB8kqDQd8w/KyVGaGhp9Q2liuy2TtxrlIZYAYokOaqbbn7s1bus:r4JtxGQBGBQ2lvtlD3oXaqjSj
2011,gnome-session-b,Sleeping,4,16512,b1aca78d066051d640816a76dae288b28f66d9e2d133af39e007af860a1ec6ec,3072:/YgNpFDjxShTohOeZRwbn7cCAgFZZ2l5OwFwpV1eeYJd4TV:/YgNfWMhOv7cCAgaOwWV1cd
2080,gcr-ssh-agent,Sleeping,0,6784,3b160ccfa0eabcfe330a4cf4f9e138f9877117f9ce0ba47d3a64989f14f88a09,768:m/CW2WZtgbCPKKLcqd8w/Kk/N/4opNGtI0v4NkCwh06eVU+raDxmYBpSUueLhdx:muC/FPpO7gkH06gUexuHx
2082,gnome-session-c,Sleeping,0,5504,2a2ec376831c7e70dba42f65d27bf2da536695a58819863f1c4ad938e877b981,192:RF7QvL8uO4VQcHzYJxYPIkNfoYjVbrA1IjgRQSRe3Lvi:fUvhO4VQpmPIQf5jV1UWd3
2100,gvfsd,Sleeping,4,7552,675711a589124f5817539323bd807585c6cb23301e05a9017eb35e728c1b11b5,384:Sxdbse6l4SAUlM3AJ3P0wW+8zSGP7xM4aTLWTHljVxMoxe/uYXCA:Sxdbse6l4SV6Qd8w/Uxl9aTabHs/dyA
2112,gvfsd-fuse,Sleeping,1,6912,86b8e2a578c462cec870579edf14849585e320425f7fbc6ed88a6293891b149f,768:OCpf+AH3d8wLeX0aPPiMjx9DDPdRzhLiXr+QGjzKy:OC9++FzaPdF9v1RO2jzKy
2115,gnome-session-b,Sleeping,15,18048,b1aca78d066051d640816a76dae288b28f66d9e2d133af39e007af860a1ec6ec,3072:/YgNpFDjxShTohOeZRwbn7cCAgFZZ2l5OwFwpV1eeYJd4TV:/YgNfWMhOv7cCAgaOwWV1cd
2158,gnome-shell,Sleeping,817,371352,a6e7e1dc71d8acbbf7885efdd500c49afbdba002ac653b715e9ae4fdd457421a,384:WbQmA47D/OSGXymy0J3xwC68UVo7cAwurpoXY5f:W8mAQD/0NddvyXAwua8
2161,at-spi-bus-laun,Sleeping,2,7552,e4ae0aa34c45888afeb585a4fb1596d70630875946758afc6cdd6af91e3911a4,384:hPNPgCX6jr8J3PZyKi6SqCayhKi6SqCayKi6SqCayKi6SqChplLLVf5sB1fHR6QP:h1PPI4dsnphLfs9R
2171,dbus-daemon,Sleeping,1,4992,dbe71c62cb299a7d7d9896c278fb63e9b89a9754dabacbf42820cfef461210df,6144:qyqWiSu9lTM51PECeaoH//3cCIPN2HcdXHF:qyqWipqEPPcCIP1
2225,at-spi2-registr,Sleeping,1,7552,2a26dcb326dda41a6637dbac063f5cf23b1e3c44088ca33b5fa543b4172b1856,1536:CVKw6MlFu7574uKIUKWW1BQbBKaoa0iG6K2BrP1Q:Cww6U87+IUo1BQbBKao1iG6KAQ
2238,gnome-shell-cal,Sleeping,9,17408,ff0cc0c6e483c8fa8bdb80990d16542e7b755a188dc8ae2187a960ecbd02a47c,384:oO9DeAiBy09gef8b4J3P0wW+8R8cQPGza3TbqU1tj6ua/LdLd7WxPTNc:olAiBDUUd8w/KFQPG0fqU1N6ua/XWlO
2253,evolution-sourc,Sleeping,22,42496,d87733c7d0c9ea62e496c79b0e047526c17e37e474628bc381f1fd8e04467551,1536:3eKrPCqI+ktaW/29xASijV54WYf7miEdEDmiHdmd0sCw/HduKg:3ZzCq9n9xAXoWYzmihDmiDsC42
2265,gjs,Sleeping,7,26696,8fecb290aab1c6a3ee23fdd2b78ad5dc50a8e7c15319bb9bd787c2bc4bdc6378,192:RGjVnG1AsfbwlYWUp8zy9AJHzQnPmcjXio6Wy+KPGJDw4Ll47hviqK:qw1AhnUWzy9vjSNWyg5471K
2266,Xwayland,Sleeping,29,58804,f0daf22d163dd42d46723a941a47899e4be7c98608c89f7d90405270122e59f4,49152:zZ+j23TlavGC78oo9hGQZaEqxXWAXYipmfzDXTtWb5p:zZLJ+GC78TqpWAXYipmfvp
2278,ibus-daemon,Sleeping,38,11968,dd347c744e91dba05c3ed52d6b233df442596df0d05295994e723b7df2d66f7c,3072:iB55+t3OXaLa+AEu49xTcXnZwTkA+DRiOtqtMoKJM62COEdWcl9TN7O0tPVwTJJ9:i/XaLBAEVxTUeTkAcAtMM
2285,gsd-a11y-settin,Sleeping,1,6400,aa0a06212b26284f12ea0e2f5a703b1eebefc1ddcf524e53b6d1c87ead3f58e8,192:RT/DPS4j8hzdqs/w2Ej1IHzQkGI75FKvgOI1glv4Naw5GfZqSuEviw:h/TS5qmw1j1fI7K98+uY
2292,gsd-color,Sleeping,8,20100,62c41bcf7bae3acdde1f9b19f6325540280cf249e5fac4619eeb7bcdefc48bd2,768:iSHFpphZZAYsvPd8w/KJZF3LeNtLTzcuUAT6jkyD/AEm+A37:iSHFpphZZAtMFItnzTUM6jkyDG3
2293,gsd-datetime,Sleeping,2,12288,dc54206bece006ec1a1ff16a001e458f5710fbcc85295e3f18f09b2aa6fedcb4,768:ijWUSphpF+vC6FqpLrnd8w/Kz4Gl1p8HrztFgn9L6k5DNcz6:iqUSphpF+vC6Fq7xGd8HrztF2Fiz
2295,gsd-housekeepin,Sleeping,2,7680,8adf79eaa553ccaf6c90386dcac2491fe2e653a09daad51003c90f01ffc6bfc6,1536:dZpyvgzpFhZChtqyd9mOg5lMvbeBNWyo:dZUvgzpFhZChtqMxgvOE
2301,gsd-keyboard,Sleeping,6,19316,54c9ebf85372b3ecfdd0ef0f83674210be30cd65248fe6a300d859cebcc86f03,768:VVsbjJd8DpLk58A9B5EAMSo+bQInybXn8m:VVyQpLm8AREAMbOQeyL
2304,gsd-media-keys,Sleeping,10,24964,0e427b33b1dc5dc28a46ae4a90e0593a1dde3a9274aab006688d2128fef07179,3072:5+rCEeD0X6zcuQKNWPObSdhR7VHQ4C9iLG3:50CB7UKNX27tQ4geG
2305,gsd-power,Sleeping,9,24140,664c8a8c3cf0fbf319886a4f0c213140f533ce2c87a26241772ea800246907df,1536:98mcv1Hph2EYfkzqbtP3nvDNIvvAcHeay1fU4KMJ3pisfiAoZxJl9iP:98mWHph2EYfkzuvDNMUUUPCZxt
2310,gsd-print-notif,Sleeping,3,11392,0748a0c8efd6f166b1326167007e633f016c4870d71fe80a64ccdf79c0e0df2d,768:EKtrgzFAFqqSqeHgpd8w/Cw8Br591J64ErRrbm/sb+C8OSRGjaXrDLbOgm3l:ztrgzFAFqqSqrjSG+tPbRm3
2311,gsd-disk-utilit,Sleeping,1,7296,6472124837b58a4e6472f0b5d18808609fecc29ef7868155651bcbe0be1cef40,192:RVWBxs84V5HpFhZKR2vsHzQSRH7fY/+pzAS0RDfenrT9A7Ue7dYvi:P+S5HpFhZnvOAS2Dfy9AVd
2312,gsd-rfkill,Sleeping,2,6784,52c86a5729231a45e1cf53eac99fe0104012a04bcc3f2bc098043962a1de5aeb,768:fRr/vqmA7Vd8w/4Fj9M9izzwh+mm93UyYv:fp/vq9qR9EizzwclyyY
2317,gsd-screensaver,Sleeping,2,6272,f5b47470b94e983c8a9b3132bb2ce4caa936d9b398cc8d56de1be6a5b36fb9ce,192:RmirR8hzE1BCBiqs8fmbKxLvwHzQ+v91oP5MOjhtWq4Z9/rNZHJGzNEkdJoJtNZS:EAqDfKKpMc5MZq4ZF21Wtm7
2322,evolution-alarm,Sleeping,28,59908,10e6b3bcdbfbfc030bb81c1ed23aa981cc729e345ce2e4ca1c798ebcb640d269,768:DL1ndc4mvCsd8w/K4VaPqwX2++O2N/kwpn9Wuz:DL1naptQ7d+FN/P/F
2329,gsd-sharing,Sleeping,2,11392,c33e48c91029141b44b5037427d02087798adc3285fbbc317498e7476a38678f,384:wY8uxqzwNz2dwfAJ3P0wWlaUihOIcRHWu7r/Wx7F9Yo8gCXCZRc:wZIqOm7d8wG8cRHWuP/WxrIjyZi
2331,gsd-smartcard,Sleeping,2,8192,14ab81cde70d384086a8ad395d342433ba0096a3e8f079293bddd1d4046d5d95,768:0wAqnMl4Svd8w/K4Vats49uFgYCUvg77gdyvGiI8f7NSbp/vKSS/qXXK3Zm5XgbL:0wAqbSltY9uFgYCUYXXO8jKvhS/qnGm
2333,gsd-sound,Sleeping,2,9728,92a5f259edc180897d2ec16f4cab7c43ec1e9e51eaef9c0b516a40af93789511,384:tL9mwdYq6EKicUJIWi5kAw6XZdDu8WBUvAUG:tL9mwdYqPKMHiR/ZdDaBuAUG
2344,gsd-wacom,Sleeping,7,20356,00d6a6457dec65325f661222590aba196ea68532d48409d0ad51e100ebfab2b7,384:Fkkd3psIqf6FiynnsDoJ3P0wW+8ydHnDCMgz9yQYvUl0KXCE4S:FRdZ6yUcs8d8w/JH+/9ynvUiKyE4
2420,VBoxClient,Sleeping,0,1664,6acef70b581f3e71d078c235c0abbe6eb5c05dc533329540413dbce02a522703,12288:p2GzleUUTh3XBsoLXWLvp0Y2f5KQvzGinxkCJp4tKi8z:p2GzleUwBDLXWLB0bsQvSin6xkiK
2421,VBoxClient,Sleeping,0,3968,6acef70b581f3e71d078c235c0abbe6eb5c05dc533329540413dbce02a522703,12288:p2GzleUUTh3XBsoLXWLvp0Y2f5KQvzGinxkCJp4tKi8z:p2GzleUwBDLXWLB0bsQvSin6xkiK
2436,gvfs-udisks2-vo,Sleeping,7,11008,5be15080ba75d5b429a4968cc62546b894ad2e58c6581898874862928a892f6a,3072:LLk3HNElSC8RFyjzKK50Sd0OiXfvGF0zO68J:L3lMFqz3dHiXfv80a
2446,ibus-memconf,Sleeping,0,7040,42bb9be9f13b9dd87f462b928370ff4bf841642ca2257065b5caf1c6caa4480b,192:RPCJgnT8mzaMCu2C/HzobH6ofFP5guMRl0tiviA:Nfn2C0b9G0tm
2452,ibus-extension-,Sleeping,173,28880,86de995331a6d9fc9454abe4c78cadecd7385e13d59a2db8fd66c874bd23c3db,3072:r3DLj80MzOJwktsJqufJEaf1bRI822dqvLi6XWa:rgPhQKvIL
2471,ibus-portal,Sleeping,3,6784,baef2ab4eec7dbbde7fce4ad5d48774d88fd9158c0d19210962e320c6139b3bc,768:RQEJY/085VLd8w/QWI3ttkWyEsY+2cuHqzOfrMnehPXW9qwjekz:RQEJY/R3Idt9yEsY+buKS+9Xj
2501,goa-daemon,Sleeping,3,24064,7720f20f71e71cc1ca9a17d9f0b4e309cb978bfee13d5296a0fd836e9ee527ae,768:+v+DEfZEpd8w/KyZhmvUtgjMT2HJ8+1KXmH+eAQU:+v+DTnmsgCKdgXmHJx
2506,gvfs-mtp-volume,Sleeping,1,6272,1ebaa5d466c3d29b778fb3e9ec554c7774b742f4bf8aa8ec86c97f3f4b159e7a,1536:gubotzqtyYv0QnLmHig7UtWPFaWlDDkBGAVRBOp:guJR0QPgRAVRB
2514,goa-identity-se,Sleeping,2,9088,8523279b5d507a7bb194a9bb4489aea4ab5fc0c11843c9c98dac35e50e305a2e,1536:FSB2jyeIoIYXAIIIR+OYse+eme0Ypt0n7c4a5HDuRqxUhqitFOyZSyVU8RxYnp2H:FSB2lBaVDuLqitFTZLYnp
2516,gsd-printer,Sleeping,2,14976,13c29b5ffd69149263c7c7610913b9e035b165c69729963709922f5184878a94,384:FrBKDHpYzleR0hOEJQyKi6SqCayhKi6SqCayKi6SqCayKi6SqCu2AJuMTiqH/mP7:FNKDHpYzwAxdQCqfKstuW7Abv/ComP2
2529,evolution-calen,Sleeping,13,24064,eb43369fb7c02a15c027cf70dd2b7867f424d1da78ec4472f7ea21010206bd2c,1536:vliA9tqYRnVcWH22Zda9o0S8GyESEcfgjsn5wwwuQ/hopG6hN8bf2mHV/AIAjk3l:vlFtq6V2JfS8EII++l
2532,gvfs-goa-volume,Sleeping,1,6400,a8774763bbffca44131a4459694bfeded8d3a5f73e4198cce2c4dba959e962b9,1536:q+5o3+Jt9irEl8QMXh542E9kWSMhJlp/4PvzWyyGgzX45V9vAUK:qcU+tBEheA3MX45V9vAU
2539,gvfs-afc-volume,Sleeping,3,7936,11672ca2720ddf23e879f043dcc729e94d2b5ca27c3dedc2ae6c023fe1f3f977,1536:Z1zSttMh2diOi1bhpPDljosQYoluiEW81V9XHR4:Z1vdOi5GVEB1V9XH
2548,gvfs-gphoto2-vo,Sleeping,1,6656,c459bfccc4fc9c497116b3eba8a6d75a8662b72881a0df47f52dcfcdb5175cfc,1536:XtHAmtP6D4ugV1ocKpfQ4kQwpRKWqrLhQfB8sS3VRke1eBS:XdAbtQvPfuN3VRkueB
2560,evolution-addre,Sleeping,9,29952,284c149d39a2d136dfe24ad441444ed9729c34a86ec4343ace4cf251f423100b,96:R3wq2Tqx86uJ+xBWBoL/2tqF6XwtvtEgYGkt4tnrzLWoFapGtCFZ6zJeTbviO5gH:Rx2+xhuJu8iqQcmEglQuCTbviQ
2591,ibus-engine-sim,Sleeping,12,7168,beeaa8694ef9103db05a15dc72a9b20a4890a7dc32a3c7288bc3a93a65653118,96:R54KaTPLgB+BrJu7LgqXGkt4tXStJ6DM1wtfqtREHnjoXDTfwEci1v1Ylc5bk52c:RXaYwKLgkHInjSzVt1sc+6vi
2616,dconf-service,Sleeping,1,5632,68a0b29564eb76658515a019a77d4f7e66f65b9bbadff8292b9152e77a8f87e9,768:vX0o6ZnTuRad8w/K4VahSv56HCcknxmVOhIm30hb+y8ZaVzIzZvPwObhR+4eP5Ob:vX0ntKokHCck4VOhfU8EzwB
2627,gsd-xsettings,Sleeping,24,74852,4d4cdce701953610aefca67de7db4d2db7693739e6216061f5e87394fca08f1e,1536:sb6CObe7thVtKXjg4FOz2m6EbZy2vYd4pSE:sb6CO0VsFOgEb17
2632,gvfsd-metadata,Sleeping,1,6272,fd474981e0716a19e171a34987cf61a318dcc6ebac237f65a85e794e0caded2c,768:iU7QlFLnkFzd8w/Kl3gtsZLbpPP9mG3YrDBtFXDd+UhRBL3SZV2:iVlFggA6pPMvXDzhSm
2633,gvfsd-trash,Sleeping,3,8832,f2c131dfc0208adcd23d9bcfda17294067f25e3f62192f0a9b945973406750ff,768:jjPH/2asL+EId8w/KUlzcBrbmmRpE1Zh6aiBHOAq:jj/2as27InmmbwKHPq
2645,gjs,Sleeping,8,26888,8fecb290aab1c6a3ee23fdd2b78ad5dc50a8e7c15319bb9bd787c2bc4bdc6378,192:RGjVnG1AsfbwlYWUp8zy9AJHzQnPmcjXio6Wy+KPGJDw4Ll47hviqK:qw1AhnUWzy9vjSNWyg5471K
2690,gjs,Sleeping,55,65036,8fecb290aab1c6a3ee23fdd2b78ad5dc50a8e7c15319bb9bd787c2bc4bdc6378,192:RGjVnG1AsfbwlYWUp8zy9AJHzQnPmcjXio6Wy+KPGJDw4Ll47hviqK:qw1AhnUWzy9vjSNWyg5471K
2737,ibus-x11,Sleeping,11,24548,d1933713bf36bd518e654f4c09dd633a7367c1b93e0da3256b66fbb0c7c3a2b3,1536:HXJCIOFR/ul0pwm73r+T4Z5is7jD69u1pmChSQX7fva6rjc3NdwIbfW/TQNzXGy:HZ6L3r+kZ5H7jugf9SQLfi6M9CILW7Q
2749,snapd-desktop-i,Sleeping,8,12032,83d0a61d2fc62b493bfa076f570a1ddcc53be7594cc2b639c5194516dacb41d8,12288:xq78mNYVeO2438VluFjd7o5vwJoX/NSdT0z:QzNRO24sf9wJoX/NSC
2760,tracker-miner-f,Sleeping,34,25600,ae251bb1433fa3193d4319e175fd1fe77e84ee74967cf5db84be2e4d6c445259,3072:luxzapn+gwa6J/Q3Wl9JLQORf9QW/zY2xQIwrt+eRiBRE7vyribhGSsvSf:lcZHKM9qORFQW/zfbwoeR8BriKvw
2772,xdg-desktop-por,Sleeping,10,14116,91e8fda2c54a0feba7546d3c1f6b7715227f7d390e76fee97573cb7203b72673,12288:0s7ZCHJMaKZmN83LuJZMailNR5Te8luz1:rPaKp3LEZ14NHy5
2783,mutter-x11-fram,Sleeping,25,89344,673b56a8fffaa6ee3004ffb302953b434e6be652513418366f24d3a52205cab6,384:SYu4rbKXyYRJ3PnyKi6SqCayhKi6SqCayKi6SqCayKi6SqChpzlLXwIU3tYgxiLf:SYZ0tdqnpJTPsxiAtvWWbBny
2787,VBoxClient,Sleeping,0,1692,6acef70b581f3e71d078c235c0abbe6eb5c05dc533329540413dbce02a522703,12288:p2GzleUUTh3XBsoLXWLvp0Y2f5KQvzGinxkCJp4tKi8z:p2GzleUwBDLXWLB0bsQvSin6xkiK
2789,VBoxClient,Sleeping,20,3228,6acef70b581f3e71d078c235c0abbe6eb5c05dc533329540413dbce02a522703,12288:p2GzleUUTh3XBsoLXWLvp0Y2f5KQvzGinxkCJp4tKi8z:p2GzleUwBDLXWLB0bsQvSin6xkiK
2796,VBoxClient,Sleeping,0,1564,6acef70b581f3e71d078c235c0abbe6eb5c05dc533329540413dbce02a522703,12288:p2GzleUUTh3XBsoLXWLvp0Y2f5KQvzGinxkCJp4tKi8z:p2GzleUwBDLXWLB0bsQvSin6xkiK
2803,VBoxClient,Sleeping,58,3228,6acef70b581f3e71d078c235c0abbe6eb5c05dc533329540413dbce02a522703,12288:p2GzleUUTh3XBsoLXWLvp0Y2f5KQvzGinxkCJp4tKi8z:p2GzleUwBDLXWLB0bsQvSin6xkiK
2811,VBoxClient,Sleeping,0,1536,6acef70b581f3e71d078c235c0abbe6eb5c05dc533329540413dbce02a522703,12288:p2GzleUUTh3XBsoLXWLvp0Y2f5KQvzGinxkCJp4tKi8z:p2GzleUwBDLXWLB0bsQvSin6xkiK
2813,VBoxClient,Sleeping,3,2304,6acef70b581f3e71d078c235c0abbe6eb5c05dc533329540413dbce02a522703,12288:p2GzleUUTh3XBsoLXWLvp0Y2f5KQvzGinxkCJp4tKi8z:p2GzleUwBDLXWLB0bsQvSin6xkiK
2840,xdg-desktop-por,Sleeping,18,40380,f5ad82e8b61e5ab512769d0f5899bf98b68529777d0dc0bab2a93fd37e3ea114,6144:5cZ9aZxkaUOtSG3b8w9anNQyTzYvr9G/mYvVpsJIQ8C:5cZWkjOsw9anNQyTzYvr96vNWGr
2857,snapd-desktop-i,Sleeping,27,30476,83d0a61d2fc62b493bfa076f570a1ddcc53be7594cc2b639c5194516dacb41d8,12288:xq78mNYVeO2438VluFjd7o5vwJoX/NSdT0z:QzNRO24sf9wJoX/NSC
2907,xdg-desktop-por,Sleeping,19,26088,ff84ccce8c3e95f0e4beb6c9c9b9327af62abb3ed98424acc5cf249aac426ab3,3072:6RsVvmsL2W51KNQ301m8zfO9u+P9/mMPMOdqTIzOe+bi:6cmsdiQk1m8zW9u+P9/PM10zM
2976,gnome-terminal-,Sleeping,69,53220,f2a5ee124c692861d7a3d60f6da1a9fded2a17ee8c1712c02e0131a9db971dfe,6144:qXaUYD2a0XUgJp+G2xQ0R/TdJ4KFR0cVo:qXaUYxIUgL+E03J4Y
2986,bash,Sleeping,3,4864,bc5945feb8bd26203ebfafea5ce1878bb2e32cb8fb50ab7ae395cfb1e1aaaef1,24576:QTcQ3/3mMRu9yDG7gCA6kjUAwTvhs0EBim3EWMsKfrxCXZe7km1B:6zOMRu9yDG7gCA64UAwTvhs0EBiiEWMX
3019,update-notifier,Sleeping,11,26116,3061ac7ca096aecc20abf8a0d782ff83ce2224c840cc3ff149c9c8d7e00d118b,1536:rahktXMsFt+2xzdHvtYSyKNQMD5xIJk4rri+4LMxBExhsf:rahk+sFt+iRPbOVri5iEx2f
3064,sudo,Sleeping,1,7168,e5c87bb7cefefe2a6281ecc6f29e677240230eb8d04f92ba6a7513876b6d024f,3072:SVCNeqBwFeb2+cKWVgt3tcgYwxN+vJdnm/sxqdQ+5TPLoPkMNdB6ftUeQ2kZlhvi:ShqciWVgwgpN+vJdnhSTssMN/6y2Wl
3065,sudo,Sleeping,1,2676,e5c87bb7cefefe2a6281ecc6f29e677240230eb8d04f92ba6a7513876b6d024f,3072:SVCNeqBwFeb2+cKWVgt3tcgYwxN+vJdnm/sxqdQ+5TPLoPkMNdB6ftUeQ2kZlhvi:ShqciWVgwgpN+vJdnhSTssMN/6y2Wl
3066,ui,Running,22,3840,e745aea6c9e3a9a1007807a426cb47cad0f8fc7268f7aec8604c8cb93b898377,384:zbhNf+mLmQSaIGjik9lP9ZTgqUTgMF7yIlecCYz3rJvdEhNoEFQuUlxh9ditANJv:zbbkat+9jz3rJKQ5X